/*
Navicat MySQL Data Transfer

Source Server         : localhost_3306
Source Server Version : 50553
Source Host           : localhost:3306
Source Database       : tpflow

Target Server Type    : MYSQL
Target Server Version : 50553
File Encoding         : 65001

Date: 2019-01-28 14:57:30
*/

SET FOREIGN_KEY_CHECKS=0;

-- ----------------------------
-- Table structure for `wf_flow`
-- ----------------------------
DROP TABLE IF EXISTS `wf_flow`;
CREATE TABLE `wf_flow` (
  `id` int(10) unsigned NOT NULL AUTO_INCREMENT,
  `type` varchar(255) DEFAULT NULL COMMENT '流程类别',
  `flow_name` varchar(255) NOT NULL DEFAULT '' COMMENT '流程名称',
  `flow_desc` varchar(255) NOT NULL DEFAULT '' COMMENT '描述',
  `sort_order` mediumint(8) unsigned NOT NULL DEFAULT '0' COMMENT '排序',
  `status` tinyint(1) unsigned NOT NULL DEFAULT '0' COMMENT '0不可用1正常',
  `is_del` tinyint(1) unsigned NOT NULL DEFAULT '0',
  `uid` int(11) DEFAULT NULL,
  `add_time` int(11) DEFAULT NULL,
  PRIMARY KEY (`id`)
) ENGINE=InnoDB DEFAULT CHARSET=utf8 COMMENT='*工作流表';

-- ----------------------------
-- Records of wf_flow
-- ----------------------------

-- ----------------------------
-- Table structure for `wf_flow_process`
-- ----------------------------
DROP TABLE IF EXISTS `wf_flow_process`;
CREATE TABLE `wf_flow_process` (
  `id` int(10) NOT NULL AUTO_INCREMENT,
  `flow_id` int(10) unsigned NOT NULL DEFAULT '0' COMMENT '流程ID',
  `process_name` varchar(255) NOT NULL DEFAULT '步骤' COMMENT '步骤名称',
  `process_type` char(10) NOT NULL DEFAULT '' COMMENT '步骤类型',
  `process_to` varchar(255) NOT NULL DEFAULT '' COMMENT '转交下一步骤号',
  `child_id` int(10) unsigned NOT NULL DEFAULT '0' COMMENT 'is_child 子流程id有return_step_to结束后继续父流程下一步',
  `child_relation` text COMMENT '[保留功能]父子流程字段映射关系',
  `child_after` tinyint(1) unsigned NOT NULL DEFAULT '0' COMMENT '子流程 结束后动作 0结束并更新父流程节点为结束  1结束并返回父流程步骤',
  `child_back_process` int(10) unsigned NOT NULL DEFAULT '0' COMMENT '子流程结束返回的步骤id',
  `return_sponsor_ids` text COMMENT '[保留功能]主办人 子流程结束后下一步的主办人',
  `return_respon_ids` text COMMENT '[保留功能]经办人 子流程结束后下一步的经办人',
  `write_fields` text COMMENT '这个步骤可写的字段',
  `secret_fields` text COMMENT '这个步骤隐藏的字段',
  `lock_fields` text COMMENT '锁定不能更改宏控件的值',
  `check_fields` text COMMENT '字段验证规则',
  `auto_person` tinyint(1) unsigned NOT NULL DEFAULT '0' COMMENT '本步骤的自动选主办人规则0:为不自动选择1：流程发起人2：本部门主管3指定默认人4上级主管领导5. 一级部门主管6. 指定步骤主办人',
  `auto_unlock` tinyint(1) unsigned NOT NULL DEFAULT '0' COMMENT '是否允许修改主办人auto_type>0 0不允许 1允许（默认）',
  `auto_sponsor_ids` varchar(255) NOT NULL DEFAULT '' COMMENT '3指定步骤主办人ids',
  `auto_sponsor_text` varchar(255) NOT NULL DEFAULT '' COMMENT '3指定步骤主办人text',
  `auto_respon_ids` varchar(255) NOT NULL DEFAULT '' COMMENT '3指定步骤主办人ids',
  `auto_respon_text` varchar(255) NOT NULL DEFAULT '' COMMENT '3指定步骤主办人text',
  `auto_role_ids` varchar(255) NOT NULL DEFAULT '' COMMENT '制定默认角色ids',
  `auto_role_text` varchar(255) NOT NULL DEFAULT '' COMMENT '制定默认角色 text',
  `auto_process_sponsor` smallint(5) unsigned NOT NULL DEFAULT '0' COMMENT '[保留功能]指定其中一个步骤的主办人处理',
  `range_user_ids` text COMMENT '本步骤的经办人授权范围ids',
  `range_user_text` text COMMENT '本步骤的经办人授权范围text',
  `range_dept_ids` text COMMENT '本步骤的经办部门授权范围',
  `range_dept_text` text COMMENT '本步骤的经办部门授权范围text',
  `range_role_ids` text COMMENT '本步骤的经办角色授权范围ids',
  `range_role_text` text COMMENT '本步骤的经办角色授权范围text',
  `receive_type` tinyint(1) unsigned NOT NULL DEFAULT '0' COMMENT '0明确指定主办人1先接收者为主办人',
  `is_user_end` tinyint(1) unsigned NOT NULL DEFAULT '0' COMMENT '允许主办人在非最后步骤也可以办结流程',
  `is_userop_pass` tinyint(1) unsigned NOT NULL DEFAULT '0' COMMENT '经办人可以转交下一步',
  `is_sing` tinyint(1) unsigned NOT NULL DEFAULT '1' COMMENT '会签选项1禁止会签2允许会签（默认） 2强制会签',
  `sign_look` tinyint(1) unsigned NOT NULL DEFAULT '0' COMMENT '会签可见性0总是可见（默认）,1本步骤经办人之间不可见2针对其他步骤不可见',
  `is_back` tinyint(1) unsigned NOT NULL DEFAULT '1' COMMENT '是否允许回退2不允许（默认） 1允许退回上一步2允许退回之前步骤',
  `out_condition` text COMMENT '转出条件',
  `setleft` smallint(5) unsigned NOT NULL DEFAULT '100' COMMENT '左 坐标',
  `settop` smallint(5) unsigned NOT NULL DEFAULT '100' COMMENT '上 坐标',
  `style` text COMMENT '样式 序列化',
  `is_del` tinyint(1) unsigned NOT NULL DEFAULT '0',
  `updatetime` int(10) unsigned NOT NULL DEFAULT '0',
  `dateline` int(10) unsigned NOT NULL DEFAULT '0',
  `wf_mode` int(10) unsigned NOT NULL DEFAULT '0' COMMENT '0 单一线性，1，转出条件 2，同步模式',
  `wf_action` varchar(255) NOT NULL DEFAULT 'view' COMMENT '对应方法',
  PRIMARY KEY (`id`)
) ENGINE=InnoDB DEFAULT CHARSET=utf8;

-- ----------------------------
-- Records of wf_flow_process
-- ----------------------------


-- ----------------------------
-- Table structure for `wf_news`
-- ----------------------------
DROP TABLE IF EXISTS `wf_news`;
CREATE TABLE `wf_news` (
  `id` int(11) NOT NULL AUTO_INCREMENT COMMENT '编号',
  `uid` int(11) NOT NULL COMMENT '用户id',
  `add_time` int(11) DEFAULT NULL COMMENT '新增时间',
  `new_title` varchar(255) DEFAULT NULL COMMENT '新闻标题',
  `new_type` int(11) DEFAULT NULL COMMENT '新闻类别',
  `new_top` int(11) NOT NULL DEFAULT '0' COMMENT '是否置顶',
  `new_con` longtext COMMENT '新闻内容',
  `new_user` varchar(255) DEFAULT NULL,
  `status` int(11) NOT NULL DEFAULT '0' COMMENT '-1回退修改0 保存中1流程中 2通过',
  `uptime` int(11) DEFAULT NULL,
  PRIMARY KEY (`id`)
) ENGINE=MyISAM DEFAULT CHARSET=utf8;

-- ----------------------------
-- Records of wf_news
-- ----------------------------

-- ----------------------------
-- Table structure for `wf_news_type`
-- ----------------------------
DROP TABLE IF EXISTS `wf_news_type`;
CREATE TABLE `wf_news_type` (
  `id` int(11) NOT NULL AUTO_INCREMENT,
  `type` varchar(255) DEFAULT NULL,
  `uid` int(11) DEFAULT NULL,
  `add_time` int(11) DEFAULT NULL,
  PRIMARY KEY (`id`)
) ENGINE=MyISAM DEFAULT CHARSET=utf8;

-- ----------------------------
-- Records of wf_news_type
-- ----------------------------

INSERT INTO `wf_news_type` (`type`) VALUES ('测试类别');

-- ----------------------------
-- Table structure for `wf_role`
-- ----------------------------
DROP TABLE IF EXISTS `wf_role`;
CREATE TABLE `wf_role` (
  `id` smallint(6) unsigned NOT NULL AUTO_INCREMENT,
  `name` varchar(20) NOT NULL COMMENT '后台组名',
  `pid` smallint(6) unsigned NOT NULL DEFAULT '0' COMMENT '父ID',
  `status` tinyint(1) unsigned DEFAULT '0' COMMENT '是否激活 1：是 0：否',
  `sort` smallint(6) unsigned NOT NULL DEFAULT '0' COMMENT '排序权重',
  `remark` varchar(255) DEFAULT NULL COMMENT '备注说明',
  PRIMARY KEY (`id`),
  KEY `pid` (`pid`),
  KEY `status` (`status`)
) ENGINE=MyISAM AUTO_INCREMENT=22 DEFAULT CHARSET=utf8;

-- ----------------------------
-- Records of wf_role
-- ----------------------------
INSERT INTO `wf_role` VALUES ('15', '市场部', '0', '1', '0', '');
INSERT INTO `wf_role` VALUES ('16', '工程部', '0', '1', '0', '');
INSERT INTO `wf_role` VALUES ('17', '新闻部', '0', '1', '0', '');
INSERT INTO `wf_role` VALUES ('18', '新闻部经理', '0', '1', '0', '');
INSERT INTO `wf_role` VALUES ('19', '工程部经理', '0', '1', '0', '');
INSERT INTO `wf_role` VALUES ('20', '市场部经理', '0', '1', '0', '');
INSERT INTO `wf_role` VALUES ('21', '总经理', '0', '1', '0', '');

-- ----------------------------
-- Table structure for `wf_role_user`
-- ----------------------------
DROP TABLE IF EXISTS `wf_role_user`;
CREATE TABLE `wf_role_user` (
  `user_id` int(10) unsigned NOT NULL,
  `role_id` smallint(6) unsigned NOT NULL,
  KEY `group_id` (`role_id`),
  KEY `user_id` (`user_id`)
) ENGINE=MyISAM DEFAULT CHARSET=utf8;

-- ----------------------------
-- Records of wf_role_user
-- ----------------------------
INSERT INTO `wf_role_user` VALUES ('7', '15');
INSERT INTO `wf_role_user` VALUES ('8', '15');
INSERT INTO `wf_role_user` VALUES ('9', '17');
INSERT INTO `wf_role_user` VALUES ('10', '18');
INSERT INTO `wf_role_user` VALUES ('11', '20');
INSERT INTO `wf_role_user` VALUES ('12', '19');
INSERT INTO `wf_role_user` VALUES ('13', '21');

-- ----------------------------
-- Table structure for `wf_run`
-- ----------------------------
DROP TABLE IF EXISTS `wf_run`;
CREATE TABLE `wf_run` (
  `id` int(10) unsigned NOT NULL AUTO_INCREMENT,
  `pid` int(10) unsigned NOT NULL DEFAULT '0' COMMENT 'work_run父流转公文ID 值大于0则这个是子流程，完成后或者要返回父流程',
  `from_table` varchar(255) DEFAULT NULL COMMENT '单据表，不带前缀',
  `from_id` int(11) DEFAULT NULL,
  `pid_flow_step` smallint(5) unsigned NOT NULL DEFAULT '0' COMMENT '父pid的flow_id中的第几步骤进入的,取回这个work_flow_step的child_over决定结束子流程的动作',
  `cache_run_id` int(10) unsigned NOT NULL DEFAULT '0' COMMENT '多个子流程时pid无法识别cache所以加这个字段pid>0',
  `uid` int(10) unsigned NOT NULL DEFAULT '0',
  `flow_id` int(10) unsigned NOT NULL DEFAULT '0' COMMENT '流程id 正常流程',
  `cat_id` int(10) unsigned NOT NULL DEFAULT '0' COMMENT '流程分类ID即公文分类ID',
  `run_name` varchar(255) DEFAULT '' COMMENT '公文名称',
  `run_flow_id` int(10) unsigned NOT NULL DEFAULT '0' COMMENT '流转到什么流程 最新流程，查询优化，进入子流程时将简化查询，子流程与父流程同步',
  `run_flow_process` varchar(255) DEFAULT NULL COMMENT '流转到第几步',
  `att_ids` varchar(255) NOT NULL DEFAULT '' COMMENT '公文附件ids',
  `endtime` int(10) unsigned NOT NULL DEFAULT '0' COMMENT '结束时间',
  `status` int(1) unsigned NOT NULL DEFAULT '0' COMMENT '状态，0流程中，1通过,2回退',
  `is_del` tinyint(1) unsigned NOT NULL DEFAULT '0',
  `updatetime` int(10) unsigned NOT NULL DEFAULT '0',
  `dateline` int(10) unsigned NOT NULL DEFAULT '0',
  `is_sing` int(11) NOT NULL DEFAULT '0',
  `sing_id` int(11) DEFAULT NULL,
  PRIMARY KEY (`id`),
  KEY `pid` (`pid`),
  KEY `pid_flow_step` (`pid_flow_step`),
  KEY `cache_run_id` (`cache_run_id`),
  KEY `uid` (`uid`),
  KEY `is_del` (`is_del`)
) ENGINE=InnoDB DEFAULT CHARSET=utf8;

-- ----------------------------
-- Records of wf_run
-- ----------------------------

-- ----------------------------
-- Table structure for `wf_run_cache`
-- ----------------------------
DROP TABLE IF EXISTS `wf_run_cache`;
CREATE TABLE `wf_run_cache` (
  `id` int(10) unsigned NOT NULL AUTO_INCREMENT,
  `run_id` int(10) unsigned NOT NULL DEFAULT '0' COMMENT ' 缓存run工作的全部流程模板步骤等信息,确保修改流程后工作依然不变',
  `form_id` int(10) unsigned NOT NULL DEFAULT '0',
  `flow_id` int(10) unsigned NOT NULL DEFAULT '0' COMMENT '流程ID',
  `run_form` text COMMENT '模板信息',
  `run_flow` text COMMENT '流程信息',
  `run_flow_process` text COMMENT '流程步骤信息 ',
  `is_del` tinyint(1) unsigned NOT NULL DEFAULT '0',
  `updatetime` int(10) unsigned NOT NULL DEFAULT '0',
  `dateline` int(10) unsigned NOT NULL DEFAULT '0',
  PRIMARY KEY (`id`),
  KEY `run_id` (`run_id`)
) ENGINE=MyISAM DEFAULT CHARSET=utf8;

-- ----------------------------
-- Records of wf_run_cache
-- ----------------------------

-- ----------------------------
-- Table structure for `wf_run_log`
-- ----------------------------
DROP TABLE IF EXISTS `wf_run_log`;
CREATE TABLE `wf_run_log` (
  `id` int(10) unsigned NOT NULL AUTO_INCREMENT,
  `uid` int(10) unsigned NOT NULL DEFAULT '0',
  `from_id` int(11) DEFAULT NULL,
  `from_table` varchar(255) DEFAULT NULL,
  `run_id` int(10) unsigned NOT NULL DEFAULT '0' COMMENT '流转id',
  `run_flow` int(10) unsigned NOT NULL DEFAULT '0' COMMENT '流程ID,子流程时区分run step',
  `content` text NOT NULL COMMENT '日志内容',
  `dateline` int(10) unsigned NOT NULL DEFAULT '0' COMMENT '添加时间',
  `btn` varchar(255) DEFAULT NULL,
  `art` longtext,
  PRIMARY KEY (`id`),
  KEY `uid` (`uid`),
  KEY `run_id` (`run_id`)
) ENGINE=InnoDB DEFAULT CHARSET=utf8;

-- ----------------------------
-- Records of wf_run_log
-- ----------------------------

-- ----------------------------
-- Table structure for `wf_run_process`
-- ----------------------------
DROP TABLE IF EXISTS `wf_run_process`;
CREATE TABLE `wf_run_process` (
  `id` int(10) unsigned NOT NULL AUTO_INCREMENT,
  `uid` int(10) unsigned NOT NULL DEFAULT '0',
  `run_id` int(10) unsigned NOT NULL DEFAULT '0' COMMENT '当前流转id',
  `run_flow` int(10) unsigned NOT NULL DEFAULT '0' COMMENT '属于那个流程的id',
  `run_flow_process` smallint(5) unsigned NOT NULL DEFAULT '0' COMMENT '当前步骤编号',
  `parent_flow` int(10) unsigned NOT NULL DEFAULT '0' COMMENT '上一步流程',
  `parent_flow_process` smallint(5) unsigned NOT NULL DEFAULT '0' COMMENT '上一步骤号',
  `run_child` int(10) unsigned NOT NULL DEFAULT '0' COMMENT '开始转入子流程run_id 如果转入子流程，则在这里也记录',
  `remark` text COMMENT '备注',
  `is_receive_type` tinyint(1) unsigned NOT NULL DEFAULT '0' COMMENT '是否先接收人为主办人',
  `auto_person` tinyint(4) DEFAULT NULL,
  `sponsor_text` varchar(255) DEFAULT NULL,
  `sponsor_ids` varchar(255) DEFAULT NULL,
  `is_sponsor` tinyint(1) unsigned NOT NULL DEFAULT '0' COMMENT '是否步骤主办人 0否(默认) 1是',
  `is_singpost` tinyint(1) unsigned NOT NULL DEFAULT '0' COMMENT '是否已会签过',
  `is_back` tinyint(1) unsigned NOT NULL DEFAULT '0' COMMENT '被退回的 0否(默认) 1是',
  `status` tinyint(1) unsigned NOT NULL DEFAULT '0' COMMENT '状态 0为未接收（默认），1为办理中 ,2为已转交,3为已结束4为已打回',
  `js_time` int(10) unsigned NOT NULL DEFAULT '0' COMMENT '接收时间',
  `bl_time` int(10) unsigned NOT NULL DEFAULT '0' COMMENT '办理时间',
  `jj_time` int(10) unsigned NOT NULL DEFAULT '0' COMMENT '转交时间,最后一步等同办结时间',
  `is_del` tinyint(1) unsigned NOT NULL DEFAULT '0',
  `updatetime` int(10) unsigned NOT NULL DEFAULT '0',
  `dateline` int(10) unsigned NOT NULL DEFAULT '0',
  `wf_mode` int(11) DEFAULT NULL,
  `wf_action` varchar(255) DEFAULT NULL,
  PRIMARY KEY (`id`),
  KEY `uid` (`uid`),
  KEY `run_id` (`run_id`),
  KEY `status` (`status`),
  KEY `is_del` (`is_del`)
) ENGINE=InnoDB DEFAULT CHARSET=utf8;

-- ----------------------------
-- Records of wf_run_process
-- ----------------------------

-- ----------------------------
-- Table structure for `wf_run_sign`
-- ----------------------------
DROP TABLE IF EXISTS `wf_run_sign`;
CREATE TABLE `wf_run_sign` (
  `id` int(10) unsigned NOT NULL AUTO_INCREMENT,
  `uid` int(10) unsigned NOT NULL DEFAULT '0',
  `run_id` int(10) unsigned NOT NULL DEFAULT '0',
  `run_flow` int(10) unsigned NOT NULL DEFAULT '0' COMMENT '流程ID,子流程时区分run step',
  `run_flow_process` smallint(5) unsigned NOT NULL DEFAULT '0' COMMENT '当前步骤编号',
  `content` text NOT NULL COMMENT '会签内容',
  `is_agree` tinyint(1) unsigned NOT NULL DEFAULT '0' COMMENT '审核意见：1同意；2不同意',
  `sign_att_id` int(10) unsigned NOT NULL DEFAULT '0',
  `sign_look` tinyint(1) unsigned NOT NULL DEFAULT '0' COMMENT '步骤设置的会签可见性,0总是可见（默认）,1本步骤经办人之间不可见2针对其他步骤不可见',
  `dateline` int(10) unsigned NOT NULL DEFAULT '0' COMMENT '添加时间',
  PRIMARY KEY (`id`),
  KEY `uid` (`uid`),
  KEY `run_id` (`run_id`)
) ENGINE=InnoDB DEFAULT CHARSET=utf8;

-- ----------------------------
-- Records of wf_run_sign
-- ----------------------------

-- ----------------------------
-- Table structure for `wf_user`
-- ----------------------------
DROP TABLE IF EXISTS `wf_user`;
CREATE TABLE `wf_user` (
  `id` int(10) unsigned NOT NULL AUTO_INCREMENT,
  `username` varchar(50) NOT NULL,
  `password` char(32) NOT NULL,
  `tel` varchar(255) DEFAULT NULL,
  `mail` varchar(255) DEFAULT NULL,
  `role` smallint(6) unsigned NOT NULL COMMENT '组ID',
  `status` tinyint(1) unsigned NOT NULL DEFAULT '0' COMMENT '状态 1:启用 0:禁止',
  `remark` varchar(255) DEFAULT NULL COMMENT '备注说明',
  `last_login_time` int(11) unsigned NOT NULL COMMENT '最后登录时间',
  `last_login_ip` varchar(15) DEFAULT NULL COMMENT '最后登录IP',
  `login_count` int(11) DEFAULT '0',
  `last_location` varchar(100) DEFAULT NULL COMMENT '最后登录位置',
  `add_time` int(11) DEFAULT NULL,
  PRIMARY KEY (`id`),
  KEY `username` (`username`)
) ENGINE=MyISAM AUTO_INCREMENT=14 DEFAULT CHARSET=utf8 COMMENT='用户表';

-- ----------------------------
-- Records of wf_user
-- ----------------------------
INSERT INTO `wf_user` VALUES ('7', '市场部员工1', 'c4ca4238a0b923820dcc509a6f75849b', '1', '1', '15', '0', '1', '1522372036', '127.0.0.1', '0', '新建用户', '1522372036');
INSERT INTO `wf_user` VALUES ('8', '工程部员工1', 'c4ca4238a0b923820dcc509a6f75849b', '1', '1', '15', '0', '1', '1522372556', '127.0.0.1', '0', '新建用户', '1522372556');
INSERT INTO `wf_user` VALUES ('9', '新闻部员工1', 'c4ca4238a0b923820dcc509a6f75849b', '1', '1', '17', '0', '1', '1522376353', '127.0.0.1', '0', '新建用户', '1522376353');
INSERT INTO `wf_user` VALUES ('10', '新闻部经理', 'c4ca4238a0b923820dcc509a6f75849b', '1', '1', '18', '0', '1', '1522376372', '127.0.0.1', '0', '新建用户', '1522376372');
INSERT INTO `wf_user` VALUES ('11', '市场部经理', 'c4ca4238a0b923820dcc509a6f75849b', '1', '1', '20', '0', '1', '1522376385', '127.0.0.1', '0', '新建用户', '1522376385');
INSERT INTO `wf_user` VALUES ('12', '工程部经理', 'c4ca4238a0b923820dcc509a6f75849b', '1', '1', '19', '0', '1', '1522376401', '127.0.0.1', '0', '新建用户', '1522376401');
INSERT INTO `wf_user` VALUES ('13', '总经理', 'c4ca4238a0b923820dcc509a6f75849b', '1', '1', '21', '0', '1', '1522376413', '127.0.0.1', '0', '新建用户', '1522376413');
